<?xml version="1.0" encoding="UTF-8"?>
<XMLDB PATH="mod/quiz/accessrule/tomaetest/db" VERSION="20201111" COMMENT="dfh" xmlns:xsi="http://www.w3.org/2001/XMLSchema-instance" xsi:noNamespaceSchemaLocation="../../../lib/xmldb/xmldb.xsd">
    <TABLES>
        <TABLE NAME="quizaccess_tomaetest_main" COMMENT="TomaETest quizaccess main table">
            <FIELDS>
                <FIELD NAME="id" TYPE="int" LENGTH="10" NOTNULL="true" SEQUENCE="true" />
                <FIELD NAME="quizid" TYPE="int" LENGTH="10" NOTNULL="true" SEQUENCE="false" COMMENT="Foreign key to quiz.id" />
                <FIELD NAME="extradata" TYPE="text" NOTNULL="false" SEQUENCE="false" COMMENT="JSON extraData regarding the quiz" />
            </FIELDS>
            <KEYS>
                <KEY NAME="primary_key" TYPE="primary" FIELDS="id" COMMENT="primary_key" />
            </KEYS>
            <INDEXES>
                <INDEX NAME="quizid_unique" UNIQUE="true" FIELDS="quizid" HINTS="quizid" COMMENT="quizid unique" />
            </INDEXES>
        </TABLE>
    </TABLES>
</XMLDB>